[
    {
        "_id": "RS101",
        "name": "Rocket Propulsion",
        "number": "RS4550",
        "startDate": "2023-01-10",
        "endDate": "2023-05-15"
    },
    {
        "_id": "RS102",
        "name": "Aerodynamics",
        "number": "RS4560",
        "startDate": "2023-01-10",
        "endDate": "2023-05-15"
    },
    {
        "_id": "RS103",
        "name": "Spacecraft Design",
        "number": "RS4570",
        "startDate": "2023-01-10",
        "endDate": "2023-05-15"
    },
    {
        "_id": "CS101",
        "name": "Web Development",
        "number": "CS5610",
        "startDate": "2023-01-10",
        "endDate": "2023-05-15"
    },
    {
        "_id": "CS102",
        "name": "Computer Foundation",
        "number": "CS5001",
        "startDate": "2023-01-10",
        "endDate": "2023-05-15"
    }
]